"username,email,country,hash"
username1,username1@wp.pl,none,0B14D501A594442A01C6859541BCB3E8164D183D32937B851835442F69D5C94E
username2,username2@wp.pl,none,28C7C70626BB157462ABEADA74910B58C881929289AA4EBD203D9ABDCF01E453
username3,username3@wp.pl,none,09660787AAB597715BEFFE4BCE8ACC89484F7D3BE539DEF2F8C009668B72C4BD
username4,username4@wp.pl,none,0BE64AE89DDD24E225434DE95D501711339BAEEE18F009BA9B4369AF27D30D60
sokolmixx,sokolmix@wp.pl,none,a484f418b7c205b7652f9642163c18539add3cb890188d1f400b207e51e31af6
kuba1111,kuba@wp.pl,none,a484f418b7c205b7652f9642163c18539add3cb890188d1f400b207e51e31af6
kuba5522,aijaod@asp.pl,none,9662c71ab88d5c581d6bbf4732df4b3090a413ef49d71de5149c8e53efd680ec
sokol5522,sokol@wp.pl,none,c3b404e6c37b13302d9f0e91b3028264b72d65bfc119a57db1a417354bad054e
marcin,mamamama@wp.pl,none,7afe82cde795ccd023a2604c65e104c9483aab0314533482b11ed677fb14f228
adasiek,adasiek@wp.pl,none,7552bf99b2e539e0f79f8050659b22bd7940033d2062eccca124aeddcf722e87
